id,reference,article_number,source_name,source_version
57aeee35c982,229,14,Code des Droits Réels tunisien,2024
98f137082101,20,20,Code des Droits Réels tunisien,2024
6f4922f45568,18,18,Code des Droits Réels tunisien,2024
fb89705ae6d7,727,727,Code des Droits Réels tunisien,2024
9bf31c7ff062,15,14,Code des Droits Réels tunisien,2024
c74d97b01eae,16,14,Code des Droits Réels tunisien,2024
98dce83da57b,93,93,Code des Droits Réels tunisien,2024
ed3d2c21991e,98,84,Code des Droits Réels tunisien,2024
f7177163c833,44,2,Code des Droits Réels tunisien,2024
a87ff679a2f3,4,2,Code des Droits Réels tunisien,2024
aab3238922bc,14,14,Code des Droits Réels tunisien,2024
7f1de29e6da1,135,14,Code des Droits Réels tunisien,2024
0f28b5d49b30,141,14,Code des Droits Réels tunisien,2024
d6baf65e0b24,264,84,Code des Droits Réels tunisien,2024
68d30a959472,84,84,Code des Droits Réels tunisien,2024
a684eceee76f,54,2,Code des Droits Réels tunisien,2024
c81e728d9d4c,2,2,Code des Droits Réels tunisien,2024
b6d767d2f8ed,22,22,Code des Droits Réels tunisien,2024
